gfx,cu_num,M,N,K,libtype,kernelId,splitK,us,kernelName,tflops,bw,errRatio
gfx950,256,1,2048,7168,asm,7,8,6.9864,_ZN5aiter42fp8gemm_bf16_blockscale_BpreShuffle_32x128E,4.2,2102.85,0.0156
gfx950,256,2,2048,7168,asm,15,8,8.5589,_ZN5aiter42fp8gemm_bf16_blockscale_BpreShuffle_48x128E,6.86,1717.81,0.0095
gfx950,256,4,2048,7168,asm,6,7,8.7069,_ZN5aiter42fp8gemm_bf16_blockscale_BpreShuffle_32x128E,13.49,1691.2,0.0073
gfx950,256,8,2048,7168,asm,6,7,10.2316,_ZN5aiter42fp8gemm_bf16_blockscale_BpreShuffle_32x128E,22.96,1443.58,0.0061
gfx950,256,16,2048,7168,asm,7,8,9.8357,_ZN5aiter42fp8gemm_bf16_blockscale_BpreShuffle_32x128E,47.76,1510.85,0.0076
gfx950,256,24,2048,7168,asm,15,8,9.9181,_ZN5aiter42fp8gemm_bf16_blockscale_BpreShuffle_48x128E,71.05,1507.39,0.008
gfx950,256,32,2048,7168,asm,6,7,10.6895,_ZN5aiter42fp8gemm_bf16_blockscale_BpreShuffle_32x128E,87.89,1407.04,0.0064
gfx950,256,48,2048,7168,asm,7,8,10.1803,_ZN5aiter42fp8gemm_bf16_blockscale_BpreShuffle_32x128E,138.43,1495.12,0.0103
gfx950,256,64,2048,7168,asm,15,8,11.0899,_ZN5aiter42fp8gemm_bf16_blockscale_BpreShuffle_48x128E,169.44,1388.74,0.0096
gfx950,256,80,2048,7168,asm,23,8,11.9229,_ZN5aiter42fp8gemm_bf16_blockscale_BpreShuffle_64x128E,197.0,1306.83,0.0088
gfx950,256,96,2048,7168,asm,13,6,11.7445,_ZN5aiter42fp8gemm_bf16_blockscale_BpreShuffle_48x128E,239.99,1342.02,0.0042
gfx950,256,112,2048,7168,asm,23,8,11.9265,_ZN5aiter42fp8gemm_bf16_blockscale_BpreShuffle_64x128E,275.72,1336.66,0.0094
gfx950,256,128,2048,7168,asm,28,5,12.7265,_ZN5aiter42fp8gemm_bf16_blockscale_BpreShuffle_80x128E,295.3,1266.79,0.0031
gfx950,256,144,2048,7168,asm,12,5,13.1468,_ZN5aiter42fp8gemm_bf16_blockscale_BpreShuffle_48x128E,321.59,1240.0,0.0027
gfx950,256,160,2048,7168,asm,19,4,15.5585,_ZN5aiter42fp8gemm_bf16_blockscale_BpreShuffle_64x128E,301.93,1059.38,0.0018
gfx950,256,176,2048,7168,asm,11,4,14.4213,_ZN5aiter42fp8gemm_bf16_blockscale_BpreShuffle_48x128E,358.32,1155.41,0.0019
gfx950,256,192,2048,7168,asm,11,4,16.1305,_ZN5aiter42fp8gemm_bf16_blockscale_BpreShuffle_48x128E,349.47,1044.16,0.0018
gfx950,256,208,2048,7168,asm,19,4,16.1986,_ZN5aiter42fp8gemm_bf16_blockscale_BpreShuffle_64x128E,377.0,1050.89,0.0018
gfx950,256,224,2048,7168,asm,19,4,16.4851,_ZN5aiter42fp8gemm_bf16_blockscale_BpreShuffle_64x128E,398.95,1043.56,0.0019
gfx950,256,240,2048,7168,asm,19,4,16.921,_ZN5aiter42fp8gemm_bf16_blockscale_BpreShuffle_64x128E,416.43,1027.33,0.0019
gfx950,256,256,2048,7168,asm,19,4,17.0795,_ZN5aiter42fp8gemm_bf16_blockscale_BpreShuffle_64x128E,440.07,1028.35,0.0019
gfx950,256,288,2048,7168,asm,27,4,18.1933,_ZN5aiter42fp8gemm_bf16_blockscale_BpreShuffle_80x128E,464.77,985.2,0.0019
gfx950,256,320,2048,7168,asm,27,4,18.5633,_ZN5aiter42fp8gemm_bf16_blockscale_BpreShuffle_80x128E,506.12,984.98,0.0016
gfx950,256,352,2048,7168,asm,35,4,19.9353,_ZN5aiter42fp8gemm_bf16_blockscale_BpreShuffle_96x128E,518.42,935.28,0.0017
gfx950,256,384,2048,7168,asm,35,4,20.4198,_ZN5aiter42fp8gemm_bf16_blockscale_BpreShuffle_96x128E,552.13,930.74,0.0017
gfx950,256,416,2048,7168,asm,34,3,22.0634,_ZN5aiter42fp8gemm_bf16_blockscale_BpreShuffle_96x128E,553.58,877.74,0.0003
gfx950,256,448,2048,7168,asm,34,3,22.3474,_ZN5aiter42fp8gemm_bf16_blockscale_BpreShuffle_96x128E,588.58,882.71,0.0002
gfx950,256,480,2048,7168,asm,34,3,22.8801,_ZN5aiter42fp8gemm_bf16_blockscale_BpreShuffle_96x128E,615.94,877.92,0.0003
gfx950,256,512,2048,7168,ck,17,0,23.2823,a8w8_blockscale_bpreshuffle_1x128x128_256x64x64x256_16x16_16x16_16x16x1_16x16x1_1x32x1x8_8_2x1_intrawave_v1,645.66,878.23,0.0
gfx950,256,544,2048,7168,asm,25,2,25.476,_ZN5aiter42fp8gemm_bf16_blockscale_BpreShuffle_80x128E,626.94,816.76,0.0
gfx950,256,576,2048,7168,asm,25,2,25.1685,_ZN5aiter42fp8gemm_bf16_blockscale_BpreShuffle_80x128E,671.93,841.06,0.0
gfx950,256,608,2048,7168,asm,25,2,25.7418,_ZN5aiter42fp8gemm_bf16_blockscale_BpreShuffle_80x128E,693.46,836.33,0.0
gfx950,256,640,2048,7168,asm,25,2,26.3263,_ZN5aiter42fp8gemm_bf16_blockscale_BpreShuffle_80x128E,713.75,831.45,0.0
gfx950,256,672,2048,7168,asm,33,2,28.4033,_ZN5aiter42fp8gemm_bf16_blockscale_BpreShuffle_96x128E,694.64,783.34,0.0
gfx950,256,704,2048,7168,asm,33,2,28.0129,_ZN5aiter42fp8gemm_bf16_blockscale_BpreShuffle_96x128E,737.86,807.13,0.0
gfx950,256,736,2048,7168,asm,33,2,27.9029,_ZN5aiter42fp8gemm_bf16_blockscale_BpreShuffle_96x128E,774.44,823.23,0.0
gfx950,256,768,2048,7168,asm,33,2,28.5446,_ZN5aiter42fp8gemm_bf16_blockscale_BpreShuffle_96x128E,789.94,817.35,0.0
gfx950,256,800,2048,7168,asm,16,1,30.4411,_ZN5aiter42fp8gemm_bf16_blockscale_BpreShuffle_64x128E,771.59,778.27,0.0
gfx950,256,832,2048,7168,asm,16,1,30.4845,_ZN5aiter42fp8gemm_bf16_blockscale_BpreShuffle_64x128E,801.31,788.98,0.0
gfx950,256,864,2048,7168,asm,16,1,30.5873,_ZN5aiter42fp8gemm_bf16_blockscale_BpreShuffle_64x128E,829.34,798.11,0.0
gfx950,256,896,2048,7168,asm,16,1,30.8053,_ZN5aiter42fp8gemm_bf16_blockscale_BpreShuffle_64x128E,853.97,804.17,0.0
gfx950,256,928,2048,7168,asm,16,1,31.2952,_ZN5aiter42fp8gemm_bf16_blockscale_BpreShuffle_64x128E,870.62,803.1,0.0
gfx950,256,960,2048,7168,asm,16,1,31.0238,_ZN5aiter42fp8gemm_bf16_blockscale_BpreShuffle_64x128E,908.52,821.74,0.0
gfx950,256,992,2048,7168,asm,16,1,30.9362,_ZN5aiter42fp8gemm_bf16_blockscale_BpreShuffle_64x128E,941.46,835.72,0.0
gfx950,256,1024,2048,7168,asm,16,1,31.9088,_ZN5aiter42fp8gemm_bf16_blockscale_BpreShuffle_64x128E,942.21,821.54,0.0
gfx950,256,1088,2048,7168,asm,24,1,34.1346,_ZN5aiter42fp8gemm_bf16_blockscale_BpreShuffle_80x128E,935.82,789.09,0.0
gfx950,256,1152,2048,7168,asm,24,1,34.3731,_ZN5aiter42fp8gemm_bf16_blockscale_BpreShuffle_80x128E,983.99,804.59,0.0
gfx950,256,1216,2048,7168,asm,24,1,35.8233,_ZN5aiter42fp8gemm_bf16_blockscale_BpreShuffle_80x128E,996.61,792.14,0.0
gfx950,256,1280,2048,7168,asm,24,1,35.4125,_ZN5aiter42fp8gemm_bf16_blockscale_BpreShuffle_80x128E,1061.23,821.69,0.0
gfx950,256,1344,2048,7168,asm,32,1,39.8021,_ZN5aiter42fp8gemm_bf16_blockscale_BpreShuffle_96x128E,991.41,749.18,0.0
gfx950,256,1408,2048,7168,asm,32,1,38.9297,_ZN5aiter42fp8gemm_bf16_blockscale_BpreShuffle_96x128E,1061.89,784.49,0.0
gfx950,256,1472,2048,7168,asm,32,1,40.1477,_ZN5aiter42fp8gemm_bf16_blockscale_BpreShuffle_96x128E,1076.48,778.64,0.0
gfx950,256,1536,2048,7168,asm,32,1,41.5865,_ZN5aiter42fp8gemm_bf16_blockscale_BpreShuffle_96x128E,1084.42,769.04,0.0
gfx950,256,1600,2048,7168,ck,14,0,43.5872,a8w8_blockscale_bpreshuffle_1x128x128_256x64x128x128_16x16_16x16_8x32x1_8x32x1_1x32x1x8_8_2x1_intrawave_v1,1077.75,750.28,0.0
gfx950,256,1664,2048,7168,ck,14,0,46.135,a8w8_blockscale_bpreshuffle_1x128x128_256x64x128x128_16x16_16x16_8x32x1_8x32x1_1x32x1x8_8_2x1_intrawave_v1,1058.96,724.47,0.0
gfx950,256,1728,2048,7168,ck,14,0,45.1286,a8w8_blockscale_bpreshuffle_1x128x128_256x64x128x128_16x16_16x16_8x32x1_8x32x1_1x32x1x8_8_2x1_intrawave_v1,1124.22,756.6,0.0
gfx950,256,1792,2048,7168,ck,14,0,48.145,a8w8_blockscale_bpreshuffle_1x128x128_256x64x128x128_16x16_16x16_8x32x1_8x32x1_1x32x1x8_8_2x1_intrawave_v1,1092.81,724.17,0.0
gfx950,256,1856,2048,7168,ck,14,0,49.183,a8w8_blockscale_bpreshuffle_1x128x128_256x64x128x128_16x16_16x16_8x32x1_8x32x1_1x32x1x8_8_2x1_intrawave_v1,1107.95,723.54,0.0
gfx950,256,1920,2048,7168,ck,16,0,50.6177,a8w8_blockscale_bpreshuffle_1x128x128_256x64x128x256_16x16_16x16_16x16x1_16x16x1_1x32x1x8_8_2x1_intrawave_v1,1113.67,717.28,0.0
gfx950,256,1984,2048,7168,asm,40,1,48.8478,_ZN5aiter43fp8gemm_bf16_blockscale_BpreShuffle_128x128E,1192.49,758.02,0.0
gfx950,256,2048,2048,7168,asm,40,1,49.2146,_ZN5aiter43fp8gemm_bf16_blockscale_BpreShuffle_128x128E,1221.78,767.02,0.0
gfx950,256,4096,2048,7168,cktile,29,0,78.984,a8w8_blockscale_cktile_192x256x128_4x2x1_16x16x128_intrawave_0x1x0_4,1522.58,770.0,0.0
gfx950,256,6144,2048,7168,cktile,27,0,86.6365,a8w8_blockscale_cktile_192x256x128_4x2x1_16x16x128_intrawave_0x1x0_2,2082.13,968.25,0.0
gfx950,256,8192,2048,7168,ck,0,0,147.8843,a8w8_blockscale_bpreshuffle_1x128x128_256x128x128x128_16x16_16x16_8x32x1_8x32x1_1x32x1x8_8_2x1_intrawave_v3,1626.39,723.23,0.0
gfx950,256,10240,2048,7168,cktile,28,0,156.9056,a8w8_blockscale_cktile_192x256x128_4x2x1_16x16x128_intrawave_0x1x0_3,1916.11,828.67,0.0
gfx950,256,12288,2048,7168,cktile,28,0,166.216,a8w8_blockscale_cktile_192x256x128_4x2x1_16x16x128_intrawave_0x1x0_3,2170.53,921.04,0.0
gfx950,256,14336,2048,7168,cktile,28,0,230.7217,a8w8_blockscale_cktile_192x256x128_4x2x1_16x16x128_intrawave_0x1x0_3,1824.31,763.52,0.0
gfx950,256,16384,2048,7168,cktile,28,0,236.237,a8w8_blockscale_cktile_192x256x128_4x2x1_16x16x128_intrawave_0x1x0_3,2036.24,843.35,0.0
gfx950,256,32768,2048,7168,cktile,11,0,463.2833,a8w8_blockscale_cktile_192x256x128_4x2x1_16x16x128_intrawave_0x1x0_1,2076.64,828.39,0.0
gfx950,256,1,6144,7168,asm,4,5,12.57,_ZN5aiter42fp8gemm_bf16_blockscale_BpreShuffle_32x128E,7.01,3505.14,0.0034
gfx950,256,2,6144,7168,asm,28,5,13.3577,_ZN5aiter42fp8gemm_bf16_blockscale_BpreShuffle_80x128E,13.19,3299.9,0.0025
gfx950,256,4,6144,7168,asm,12,5,12.6019,_ZN5aiter42fp8gemm_bf16_blockscale_BpreShuffle_48x128E,27.96,3500.9,0.0041
gfx950,256,8,6144,7168,asm,12,5,13.8319,_ZN5aiter42fp8gemm_bf16_blockscale_BpreShuffle_48x128E,50.94,3195.21,0.0022
gfx950,256,16,6144,7168,asm,4,5,13.9868,_ZN5aiter42fp8gemm_bf16_blockscale_BpreShuffle_32x128E,100.76,3170.95,0.0025
gfx950,256,24,6144,7168,asm,4,5,14.2414,_ZN5aiter42fp8gemm_bf16_blockscale_BpreShuffle_32x128E,148.44,3125.19,0.0024
gfx950,256,32,6144,7168,asm,4,5,14.4589,_ZN5aiter42fp8gemm_bf16_blockscale_BpreShuffle_32x128E,194.94,3088.95,0.0023
gfx950,256,48,6144,7168,asm,28,5,16.4506,_ZN5aiter42fp8gemm_bf16_blockscale_BpreShuffle_80x128E,257.0,2733.89,0.0025
gfx950,256,64,6144,7168,asm,28,5,17.0228,_ZN5aiter42fp8gemm_bf16_blockscale_BpreShuffle_80x128E,331.15,2660.28,0.0029
gfx950,256,80,6144,7168,asm,28,5,18.0148,_ZN5aiter42fp8gemm_bf16_blockscale_BpreShuffle_80x128E,391.15,2531.07,0.0025
gfx950,256,96,6144,7168,asm,36,5,19.5836,_ZN5aiter42fp8gemm_bf16_blockscale_BpreShuffle_96x128E,431.78,2344.2,0.0024
gfx950,256,112,6144,7168,asm,44,5,21.6215,_ZN5aiter43fp8gemm_bf16_blockscale_BpreShuffle_128x128E,456.26,2137.65,0.0028
gfx950,256,128,6144,7168,asm,44,5,22.3244,_ZN5aiter43fp8gemm_bf16_blockscale_BpreShuffle_128x128E,505.02,2084.29,0.0023
gfx950,256,144,6144,7168,asm,25,2,24.2747,_ZN5aiter42fp8gemm_bf16_blockscale_BpreShuffle_80x128E,522.5,1929.66,0.0
gfx950,256,160,6144,7168,asm,25,2,24.972,_ZN5aiter42fp8gemm_bf16_blockscale_BpreShuffle_80x128E,564.35,1888.24,0.0
gfx950,256,176,6144,7168,asm,33,2,26.3943,_ZN5aiter42fp8gemm_bf16_blockscale_BpreShuffle_96x128E,587.33,1798.28,0.0
gfx950,256,192,6144,7168,asm,33,2,27.2295,_ZN5aiter42fp8gemm_bf16_blockscale_BpreShuffle_96x128E,621.07,1754.56,0.0
gfx950,256,208,6144,7168,asm,8,1,28.5855,_ZN5aiter42fp8gemm_bf16_blockscale_BpreShuffle_48x128E,640.91,1682.22,0.0
gfx950,256,224,6144,7168,asm,8,1,29.0512,_ZN5aiter42fp8gemm_bf16_blockscale_BpreShuffle_48x128E,679.15,1665.97,0.0
gfx950,256,240,6144,7168,asm,8,1,29.2191,_ZN5aiter42fp8gemm_bf16_blockscale_BpreShuffle_48x128E,723.48,1667.05,0.0
gfx950,256,256,6144,7168,asm,16,1,30.6717,_ZN5aiter42fp8gemm_bf16_blockscale_BpreShuffle_64x128E,735.16,1598.25,0.0
gfx950,256,288,6144,7168,asm,16,1,31.3682,_ZN5aiter42fp8gemm_bf16_blockscale_BpreShuffle_64x128E,808.69,1582.61,0.0
gfx950,256,320,6144,7168,asm,16,1,30.9954,_ZN5aiter42fp8gemm_bf16_blockscale_BpreShuffle_64x128E,909.35,1621.73,0.0
gfx950,256,352,6144,7168,asm,24,1,34.2756,_ZN5aiter42fp8gemm_bf16_blockscale_BpreShuffle_80x128E,904.56,1484.69,0.0
gfx950,256,384,6144,7168,asm,24,1,34.6739,_ZN5aiter42fp8gemm_bf16_blockscale_BpreShuffle_80x128E,975.46,1485.59,0.0
gfx950,256,416,6144,7168,asm,32,1,38.2745,_ZN5aiter42fp8gemm_bf16_blockscale_BpreShuffle_96x128E,957.33,1362.11,0.0
gfx950,256,448,6144,7168,asm,32,1,39.2421,_ZN5aiter42fp8gemm_bf16_blockscale_BpreShuffle_96x128E,1005.55,1344.38,0.0
gfx950,256,480,6144,7168,asm,32,1,36.9491,_ZN5aiter42fp8gemm_bf16_blockscale_BpreShuffle_96x128E,1144.24,1444.67,0.0
gfx950,256,512,6144,7168,asm,40,1,45.8087,_ZN5aiter43fp8gemm_bf16_blockscale_BpreShuffle_128x128E,984.47,1178.85,0.0
gfx950,256,544,6144,7168,asm,40,1,47.7462,_ZN5aiter43fp8gemm_bf16_blockscale_BpreShuffle_128x128E,1003.55,1144.05,0.0
gfx950,256,576,6144,7168,asm,40,1,48.4366,_ZN5aiter43fp8gemm_bf16_blockscale_BpreShuffle_128x128E,1047.44,1140.6,0.0
gfx950,256,608,6144,7168,asm,40,1,47.9298,_ZN5aiter43fp8gemm_bf16_blockscale_BpreShuffle_128x128E,1117.32,1165.65,0.0
gfx950,256,640,6144,7168,asm,40,1,49.3998,_ZN5aiter43fp8gemm_bf16_blockscale_BpreShuffle_128x128E,1141.13,1143.57,0.0
gfx950,256,672,6144,7168,asm,24,1,63.3267,_ZN5aiter42fp8gemm_bf16_blockscale_BpreShuffle_80x128E,934.68,901.9,0.0
gfx950,256,704,6144,7168,ck,14,0,63.0787,a8w8_blockscale_bpreshuffle_1x128x128_256x64x128x128_16x16_16x16_8x32x1_8x32x1_1x32x1x8_8_2x1_intrawave_v1,983.04,915.32,0.0
gfx950,256,736,6144,7168,asm,24,1,64.5868,_ZN5aiter42fp8gemm_bf16_blockscale_BpreShuffle_80x128E,1003.72,903.59,0.0
gfx950,256,768,6144,7168,ck,14,0,61.7039,a8w8_blockscale_bpreshuffle_1x128x128_256x64x128x128_16x16_16x16_8x32x1_8x32x1_1x32x1x8_8_2x1_intrawave_v1,1096.3,955.89,0.0
gfx950,256,800,6144,7168,asm,24,1,66.4914,_ZN5aiter42fp8gemm_bf16_blockscale_BpreShuffle_80x128E,1059.75,896.43,0.0
gfx950,256,832,6144,7168,ck,14,0,67.7274,a8w8_blockscale_bpreshuffle_1x128x128_256x64x128x128_16x16_16x16_8x32x1_8x32x1_1x32x1x8_8_2x1_intrawave_v1,1082.03,889.26,0.0
gfx950,256,864,6144,7168,ck,14,0,67.8936,a8w8_blockscale_bpreshuffle_1x128x128_256x64x128x128_16x16_16x16_8x32x1_8x32x1_1x32x1x8_8_2x1_intrawave_v1,1120.89,896.26,0.0
gfx950,256,896,6144,7168,ck,14,0,68.2936,a8w8_blockscale_bpreshuffle_1x128x128_256x64x128x128_16x16_16x16_8x32x1_8x32x1_1x32x1x8_8_2x1_intrawave_v1,1155.6,900.12,0.0
gfx950,256,928,6144,7168,ck,1,0,72.6322,a8w8_blockscale_bpreshuffle_1x128x128_256x64x128x128_16x16_16x16_8x32x1_8x32x1_1x32x1x8_8_2x1_intrawave_v3,1125.38,854.93,0.0
gfx950,256,960,6144,7168,ck,14,0,72.5749,a8w8_blockscale_bpreshuffle_1x128x128_256x64x128x128_16x16_16x16_8x32x1_8x32x1_1x32x1x8_8_2x1_intrawave_v1,1165.1,864.18,0.0
gfx950,256,992,6144,7168,cktile,29,0,74.7764,a8w8_blockscale_cktile_192x256x128_4x2x1_16x16x128_intrawave_0x1x0_4,1168.49,847.07,0.0
gfx950,256,1024,6144,7168,ck,14,0,72.527,a8w8_blockscale_bpreshuffle_1x128x128_256x64x128x128_16x16_16x16_8x32x1_8x32x1_1x32x1x8_8_2x1_intrawave_v1,1243.6,881.92,0.0
gfx950,256,1088,6144,7168,cktile,28,0,75.0449,a8w8_blockscale_cktile_192x256x128_4x2x1_16x16x128_intrawave_0x1x0_3,1276.99,868.92,0.0
gfx950,256,1152,6144,7168,cktile,11,0,75.0788,a8w8_blockscale_cktile_192x256x128_4x2x1_16x16x128_intrawave_0x1x0_1,1351.49,885.12,0.0
gfx950,256,1216,6144,7168,cktile,29,0,75.8579,a8w8_blockscale_cktile_192x256x128_4x2x1_16x16x128_intrawave_0x1x0_4,1411.93,892.44,0.0
gfx950,256,1280,6144,7168,cktile,28,0,75.5326,a8w8_blockscale_cktile_192x256x128_4x2x1_16x16x128_intrawave_0x1x0_3,1492.64,912.77,0.0
gfx950,256,1344,6144,7168,cktile,29,0,75.769,a8w8_blockscale_cktile_192x256x128_4x2x1_16x16x128_intrawave_0x1x0_4,1562.38,926.36,0.0
gfx950,256,1408,6144,7168,cktile,28,0,76.6824,a8w8_blockscale_cktile_192x256x128_4x2x1_16x16x128_intrawave_0x1x0_3,1617.28,931.56,0.0
gfx950,256,1472,6144,7168,cktile,28,0,76.9814,a8w8_blockscale_cktile_192x256x128_4x2x1_16x16x128_intrawave_0x1x0_3,1684.23,944.12,0.0
gfx950,256,1536,6144,7168,cktile,11,0,77.0462,a8w8_blockscale_cktile_192x256x128_4x2x1_16x16x128_intrawave_0x1x0_1,1755.98,959.48,0.0
gfx950,256,1600,6144,7168,cktile,29,0,78.3564,a8w8_blockscale_cktile_192x256x128_4x2x1_16x16x128_intrawave_0x1x0_4,1798.56,959.33,0.0
gfx950,256,1664,6144,7168,cktile,28,0,78.2104,a8w8_blockscale_cktile_192x256x128_4x2x1_16x16x128_intrawave_0x1x0_3,1873.99,977.04,0.0
gfx950,256,1728,6144,7168,cktile,28,0,78.7952,a8w8_blockscale_cktile_192x256x128_4x2x1_16x16x128_intrawave_0x1x0_3,1931.63,985.6,0.0
gfx950,256,1792,6144,7168,cktile,29,0,80.2158,a8w8_blockscale_cktile_192x256x128_4x2x1_16x16x128_intrawave_0x1x0_4,1967.69,983.66,0.0
gfx950,256,1856,6144,7168,cktile,29,0,80.2046,a8w8_blockscale_cktile_192x256x128_4x2x1_16x16x128_intrawave_0x1x0_4,2038.25,999.33,0.0
gfx950,256,1920,6144,7168,cktile,11,0,80.2867,a8w8_blockscale_cktile_192x256x128_4x2x1_16x16x128_intrawave_0x1x0_1,2106.38,1013.81,0.0
gfx950,256,1984,6144,7168,cktile,27,0,123.3551,a8w8_blockscale_cktile_192x256x128_4x2x1_16x16x128_intrawave_0x1x0_2,1416.65,669.94,0.0
gfx950,256,2048,6144,7168,ck,0,0,119.3419,a8w8_blockscale_bpreshuffle_1x128x128_256x128x128x128_16x16_16x16_8x32x1_8x32x1_1x32x1x8_8_2x1_intrawave_v3,1511.53,702.91,0.0
gfx950,256,4096,6144,7168,cktile,28,0,196.9861,a8w8_blockscale_cktile_192x256x128_4x2x1_16x16x128_intrawave_0x1x0_3,1831.49,628.13,0.0
gfx950,256,6144,6144,7168,cktile,11,0,232.6691,a8w8_blockscale_cktile_192x256x128_4x2x1_16x16x128_intrawave_0x1x0_1,2325.9,703.05,0.0
gfx950,256,8192,6144,7168,cktile,27,0,310.7769,a8w8_blockscale_cktile_192x256x128_4x2x1_16x16x128_intrawave_0x1x0_2,2321.78,654.57,0.0
gfx950,256,10240,6144,7168,cktile,28,0,390.1775,a8w8_blockscale_cktile_192x256x128_4x2x1_16x16x128_intrawave_0x1x0_3,2311.62,623.48,0.0
gfx950,256,12288,6144,7168,cktile,28,0,455.2789,a8w8_blockscale_cktile_192x256x128_4x2x1_16x16x128_intrawave_0x1x0_3,2377.29,621.85,0.0
gfx950,256,14336,6144,7168,cktile,11,0,527.3174,a8w8_blockscale_cktile_192x256x128_4x2x1_16x16x128_intrawave_0x1x0_1,2394.61,612.46,0.0
gfx950,256,16384,6144,7168,cktile,11,0,602.1037,a8w8_blockscale_cktile_192x256x128_4x2x1_16x16x128_intrawave_0x1x0_1,2396.78,602.57,0.0
gfx950,256,32768,6144,7168,cktile,27,0,1197.8068,a8w8_blockscale_cktile_192x256x128_4x2x1_16x16x128_intrawave_0x1x0_2,2409.59,569.02,0.0
gfx950,256,1,7168,3072,asm,3,4,7.4502,_ZN5aiter42fp8gemm_bf16_blockscale_BpreShuffle_32x128E,5.91,2957.97,0.0
gfx950,256,1,7168,16384,asm,7,8,28.3203,_ZN5aiter42fp8gemm_bf16_blockscale_BpreShuffle_32x128E,8.29,4147.95,0.0268
gfx950,256,2,7168,3072,asm,10,4,9.5045,_ZN5aiter42fp8gemm_bf16_blockscale_BpreShuffle_48x128E,9.27,2320.47,0.0
gfx950,256,2,7168,16384,asm,7,8,27.7808,_ZN5aiter42fp8gemm_bf16_blockscale_BpreShuffle_32x128E,16.91,4229.61,0.0232
gfx950,256,4,7168,3072,ck,7,0,9.0323,a8w8_blockscale_bpreshuffle_1x128x128_256x16x64x256_16x16_16x16_16x16x1_16x16x1_1x16x1x16_4_1x1_intrawave_v1,19.5,2445.64,0.0
gfx950,256,4,7168,16384,asm,7,8,28.2937,_ZN5aiter42fp8gemm_bf16_blockscale_BpreShuffle_32x128E,33.21,4155.11,0.0233
gfx950,256,8,7168,3072,ck,7,0,9.9733,a8w8_blockscale_bpreshuffle_1x128x128_256x16x64x256_16x16_16x16_16x16x1_16x16x1_1x16x1x16_4_1x1_intrawave_v1,35.33,2221.87,0.0
gfx950,256,8,7168,16384,asm,7,8,28.5276,_ZN5aiter42fp8gemm_bf16_blockscale_BpreShuffle_32x128E,65.87,4125.35,0.0238
gfx950,256,16,7168,3072,ck,7,0,9.5295,a8w8_blockscale_bpreshuffle_1x128x128_256x16x64x256_16x16_16x16_16x16x1_16x16x1_1x16x1x16_4_1x1_intrawave_v1,73.94,2339.96,0.0
gfx950,256,16,7168,16384,asm,7,8,29.4212,_ZN5aiter42fp8gemm_bf16_blockscale_BpreShuffle_32x128E,127.73,4008.4,0.0247
gfx950,256,24,7168,3072,ck,7,0,10.114,a8w8_blockscale_bpreshuffle_1x128x128_256x16x64x256_16x16_16x16_16x16x1_16x16x1_1x16x1x16_4_1x1_intrawave_v1,104.51,2218.5,0.0
gfx950,256,24,7168,16384,asm,7,8,29.2465,_ZN5aiter42fp8gemm_bf16_blockscale_BpreShuffle_32x128E,192.75,4040.75,0.0247
gfx950,256,32,7168,3072,ck,7,0,9.5276,a8w8_blockscale_bpreshuffle_1x128x128_256x16x64x256_16x16_16x16_16x16x1_16x16x1_1x16x1x16_4_1x1_intrawave_v1,147.92,2369.66,0.0
gfx950,256,32,7168,16384,asm,15,8,30.1107,_ZN5aiter42fp8gemm_bf16_blockscale_BpreShuffle_48x128E,249.62,3932.94,0.0232
gfx950,256,48,7168,3072,ck,6,0,10.5018,a8w8_blockscale_bpreshuffle_1x128x128_256x16x128x256_16x16_16x16_16x16x1_16x16x1_1x16x1x16_8_1x2_intrawave_v1,201.29,2176.36,0.0
gfx950,256,48,7168,16384,asm,15,8,31.2279,_ZN5aiter42fp8gemm_bf16_blockscale_BpreShuffle_48x128E,361.03,3807.98,0.0237
gfx950,256,64,7168,3072,ck,12,0,10.0013,a8w8_blockscale_bpreshuffle_1x128x128_256x32x64x256_16x16_16x16_16x16x1_16x16x1_1x32x1x8_8_2x1_intrawave_v1,281.82,2313.12,0.0
gfx950,256,64,7168,16384,asm,19,4,32.624,_ZN5aiter42fp8gemm_bf16_blockscale_BpreShuffle_64x128E,460.78,3660.08,0.0075
gfx950,256,80,7168,3072,asm,8,2,12.7347,_ZN5aiter42fp8gemm_bf16_blockscale_BpreShuffle_48x128E,276.66,1838.5,0.0
gfx950,256,80,7168,16384,asm,27,4,33.7448,_ZN5aiter42fp8gemm_bf16_blockscale_BpreShuffle_80x128E,556.84,3553.08,0.0079
gfx950,256,96,7168,3072,ck,11,0,12.1205,a8w8_blockscale_bpreshuffle_1x128x128_256x32x128x256_16x16_16x16_16x16x1_16x16x1_1x32x1x8_8_2x1_intrawave_v1,348.82,1954.64,0.0
gfx950,256,96,7168,16384,asm,35,4,35.0958,_ZN5aiter42fp8gemm_bf16_blockscale_BpreShuffle_96x128E,642.49,3430.31,0.0076
gfx950,256,112,7168,3072,ck,12,0,13.6742,a8w8_blockscale_bpreshuffle_1x128x128_256x32x64x256_16x16_16x16_16x16x1_16x16x1_1x32x1x8_8_2x1_intrawave_v1,360.72,1752.92,0.0
gfx950,256,112,7168,16384,asm,43,4,37.6759,_ZN5aiter43fp8gemm_bf16_blockscale_BpreShuffle_128x128E,698.24,3208.45,0.0078
gfx950,256,128,7168,3072,ck,17,0,12.1294,a8w8_blockscale_bpreshuffle_1x128x128_256x64x64x256_16x16_16x16_16x16x1_16x16x1_1x32x1x8_8_2x1_intrawave_v1,464.75,1999.14,0.0
gfx950,256,128,7168,16384,asm,43,4,39.4891,_ZN5aiter43fp8gemm_bf16_blockscale_BpreShuffle_128x128E,761.34,3073.57,0.0076
gfx950,256,144,7168,3072,asm,7,1,14.3072,_ZN5aiter42fp8gemm_bf16_blockscale_BpreShuffle_48x128E,443.26,1714.3,0.0
gfx950,256,144,7168,16384,asm,25,2,42.6384,_ZN5aiter42fp8gemm_bf16_blockscale_BpreShuffle_80x128E,793.25,2858.09,0.0
gfx950,256,160,7168,3072,asm,7,1,14.4351,_ZN5aiter42fp8gemm_bf16_blockscale_BpreShuffle_48x128E,488.15,1718.41,0.0
gfx950,256,160,7168,16384,asm,25,2,43.2127,_ZN5aiter42fp8gemm_bf16_blockscale_BpreShuffle_80x128E,869.67,2831.48,0.0
gfx950,256,176,7168,3072,asm,7,1,14.455,_ZN5aiter42fp8gemm_bf16_blockscale_BpreShuffle_48x128E,536.22,1735.31,0.0
gfx950,256,176,7168,16384,asm,33,2,49.1184,_ZN5aiter42fp8gemm_bf16_blockscale_BpreShuffle_96x128E,841.62,2501.04,0.0
gfx950,256,192,7168,3072,asm,7,1,14.4513,_ZN5aiter42fp8gemm_bf16_blockscale_BpreShuffle_48x128E,585.12,1755.03,0.0
gfx950,256,192,7168,16384,asm,33,2,49.3304,_ZN5aiter42fp8gemm_bf16_blockscale_BpreShuffle_96x128E,914.19,2500.26,0.0
gfx950,256,208,7168,3072,asm,14,1,15.4336,_ZN5aiter42fp8gemm_bf16_blockscale_BpreShuffle_64x128E,593.53,1661.37,0.0
gfx950,256,208,7168,16384,asm,41,2,57.4161,_ZN5aiter43fp8gemm_bf16_blockscale_BpreShuffle_128x128E,850.9,2156.72,0.0
gfx950,256,224,7168,3072,asm,14,1,15.5334,_ZN5aiter42fp8gemm_bf16_blockscale_BpreShuffle_64x128E,635.08,1668.63,0.0
gfx950,256,224,7168,16384,asm,41,2,56.5797,_ZN5aiter43fp8gemm_bf16_blockscale_BpreShuffle_128x128E,929.9,2197.29,0.0
gfx950,256,240,7168,3072,asm,14,1,15.6317,_ZN5aiter42fp8gemm_bf16_blockscale_BpreShuffle_64x128E,676.17,1675.95,0.0
gfx950,256,240,7168,16384,asm,41,2,59.3521,_ZN5aiter43fp8gemm_bf16_blockscale_BpreShuffle_128x128E,949.78,2102.93,0.0
gfx950,256,256,7168,3072,asm,14,1,15.5097,_ZN5aiter42fp8gemm_bf16_blockscale_BpreShuffle_64x128E,726.92,1707.1,0.0
gfx950,256,256,7168,16384,asm,41,2,57.4287,_ZN5aiter43fp8gemm_bf16_blockscale_BpreShuffle_128x128E,1047.03,2181.92,0.0
gfx950,256,288,7168,3072,asm,21,1,17.0641,_ZN5aiter42fp8gemm_bf16_blockscale_BpreShuffle_80x128E,743.29,1584.24,0.0
gfx950,256,288,7168,16384,asm,34,3,68.4954,_ZN5aiter42fp8gemm_bf16_blockscale_BpreShuffle_96x128E,987.6,1843.74,0.0009
gfx950,256,320,7168,3072,asm,21,1,17.3433,_ZN5aiter42fp8gemm_bf16_blockscale_BpreShuffle_80x128E,812.58,1590.85,0.0
gfx950,256,320,7168,16384,asm,24,1,72.1028,_ZN5aiter42fp8gemm_bf16_blockscale_BpreShuffle_80x128E,1042.43,1765.13,0.0
gfx950,256,352,7168,3072,asm,28,1,19.0041,_ZN5aiter42fp8gemm_bf16_blockscale_BpreShuffle_96x128E,815.73,1481.14,0.0
gfx950,256,352,7168,16384,asm,32,1,75.9556,_ZN5aiter42fp8gemm_bf16_blockscale_BpreShuffle_96x128E,1088.51,1688.54,0.0
gfx950,256,384,7168,3072,asm,28,1,19.0965,_ZN5aiter42fp8gemm_bf16_blockscale_BpreShuffle_96x128E,885.58,1503.14,0.0
gfx950,256,384,7168,16384,asm,32,1,77.4505,_ZN5aiter42fp8gemm_bf16_blockscale_BpreShuffle_96x128E,1164.54,1668.64,0.0
gfx950,256,416,7168,3072,asm,35,1,23.3142,_ZN5aiter43fp8gemm_bf16_blockscale_BpreShuffle_128x128E,785.82,1255.11,0.0
gfx950,256,416,7168,16384,asm,40,1,94.0878,_ZN5aiter43fp8gemm_bf16_blockscale_BpreShuffle_128x128E,1038.5,1384.03,0.0
gfx950,256,448,7168,3072,asm,35,1,23.219,_ZN5aiter43fp8gemm_bf16_blockscale_BpreShuffle_128x128E,849.74,1284.24,0.0
gfx950,256,448,7168,16384,asm,40,1,93.6082,_ZN5aiter43fp8gemm_bf16_blockscale_BpreShuffle_128x128E,1124.12,1401.62,0.0
gfx950,256,480,7168,3072,asm,35,1,24.0576,_ZN5aiter43fp8gemm_bf16_blockscale_BpreShuffle_128x128E,878.69,1262.63,0.0
gfx950,256,480,7168,16384,asm,40,1,98.1426,_ZN5aiter43fp8gemm_bf16_blockscale_BpreShuffle_128x128E,1148.77,1346.88,0.0
gfx950,256,512,7168,3072,asm,35,1,23.9128,_ZN5aiter43fp8gemm_bf16_blockscale_BpreShuffle_128x128E,942.95,1293.57,0.0
gfx950,256,512,7168,16384,asm,40,1,97.4282,_ZN5aiter43fp8gemm_bf16_blockscale_BpreShuffle_128x128E,1234.34,1366.84,0.0
gfx950,256,544,7168,3072,ck,1,0,27.0344,a8w8_blockscale_bpreshuffle_1x128x128_256x64x128x128_16x16_16x16_8x32x1_8x32x1_1x32x1x8_8_2x1_intrawave_v3,886.2,1164.81,0.0
gfx950,256,544,7168,16384,ck,1,0,111.8868,a8w8_blockscale_bpreshuffle_1x128x128_256x64x128x128_16x16_16x16_8x32x1_8x32x1_1x32x1x8_8_2x1_intrawave_v3,1142.0,1199.0,0.0
gfx950,256,576,7168,3072,ck,14,0,24.8028,a8w8_blockscale_bpreshuffle_1x128x128_256x64x128x128_16x16_16x16_8x32x1_8x32x1_1x32x1x8_8_2x1_intrawave_v1,1022.75,1292.08,0.0
gfx950,256,576,7168,16384,ck,14,0,105.0291,a8w8_blockscale_bpreshuffle_1x128x128_256x64x128x128_16x16_16x16_8x32x1_8x32x1_1x32x1x8_8_2x1_intrawave_v1,1288.13,1286.65,0.0
gfx950,256,608,7168,3072,ck,14,0,31.7557,a8w8_blockscale_bpreshuffle_1x128x128_256x64x128x128_16x16_16x16_8x32x1_8x32x1_1x32x1x8_8_2x1_intrawave_v1,843.2,1026.72,0.0
gfx950,256,608,7168,16384,asm,24,1,126.5411,_ZN5aiter42fp8gemm_bf16_blockscale_BpreShuffle_80x128E,1128.55,1075.68,0.0
gfx950,256,640,7168,3072,ck,14,0,30.6631,a8w8_blockscale_bpreshuffle_1x128x128_256x64x128x128_16x16_16x16_8x32x1_8x32x1_1x32x1x8_8_2x1_intrawave_v1,919.21,1081.47,0.0
gfx950,256,640,7168,16384,asm,24,1,131.0078,_ZN5aiter42fp8gemm_bf16_blockscale_BpreShuffle_80x128E,1147.44,1046.51,0.0
gfx950,256,672,7168,3072,ck,1,0,32.5895,a8w8_blockscale_bpreshuffle_1x128x128_256x64x128x128_16x16_16x16_8x32x1_8x32x1_1x32x1x8_8_2x1_intrawave_v3,908.11,1034.64,0.0
gfx950,256,672,7168,16384,asm,24,1,132.1257,_ZN5aiter42fp8gemm_bf16_blockscale_BpreShuffle_80x128E,1194.62,1045.1,0.0
gfx950,256,704,7168,3072,ck,1,0,32.1453,a8w8_blockscale_bpreshuffle_1x128x128_256x64x128x128_16x16_16x16_8x32x1_8x32x1_1x32x1x8_8_2x1_intrawave_v3,964.5,1066.26,0.0
gfx950,256,704,7168,16384,asm,24,1,132.4529,_ZN5aiter42fp8gemm_bf16_blockscale_BpreShuffle_80x128E,1248.42,1049.94,0.0
gfx950,256,736,7168,3072,ck,1,0,33.302,a8w8_blockscale_bpreshuffle_1x128x128_256x64x128x128_16x16_16x16_8x32x1_8x32x1_1x32x1x8_8_2x1_intrawave_v3,973.32,1045.95,0.0
gfx950,256,736,7168,16384,ck,14,0,143.4618,a8w8_blockscale_bpreshuffle_1x128x128_256x64x128x128_16x16_16x16_8x32x1_8x32x1_1x32x1x8_8_2x1_intrawave_v1,1205.01,976.22,0.0
gfx950,256,768,7168,3072,ck,1,0,32.6468,a8w8_blockscale_bpreshuffle_1x128x128_256x64x128x128_16x16_16x16_8x32x1_8x32x1_1x32x1x8_8_2x1_intrawave_v3,1036.02,1084.01,0.0
gfx950,256,768,7168,16384,ck,1,0,139.7794,a8w8_blockscale_bpreshuffle_1x128x128_256x64x128x128_16x16_16x16_8x32x1_8x32x1_1x32x1x8_8_2x1_intrawave_v3,1290.52,1008.97,0.0
gfx950,256,800,7168,3072,ck,1,0,35.1149,a8w8_blockscale_bpreshuffle_1x128x128_256x64x128x128_16x16_16x16_8x32x1_8x32x1_1x32x1x8_8_2x1_intrawave_v3,1003.34,1023.68,0.0
gfx950,256,800,7168,16384,asm,32,1,149.5497,_ZN5aiter42fp8gemm_bf16_blockscale_BpreShuffle_96x128E,1256.47,949.63,0.0
gfx950,256,832,7168,3072,ck,1,0,33.8057,a8w8_blockscale_bpreshuffle_1x128x128_256x64x128x128_16x16_16x16_8x32x1_8x32x1_1x32x1x8_8_2x1_intrawave_v3,1083.88,1079.8,0.0
gfx950,256,832,7168,16384,asm,32,1,145.2161,_ZN5aiter42fp8gemm_bf16_blockscale_BpreShuffle_96x128E,1345.73,984.74,0.0
gfx950,256,864,7168,3072,cktile,28,0,35.5459,a8w8_blockscale_cktile_192x256x128_4x2x1_16x16x128_intrawave_0x1x0_3,1070.47,1042.61,0.0
gfx950,256,864,7168,16384,asm,32,1,150.3067,_ZN5aiter42fp8gemm_bf16_blockscale_BpreShuffle_96x128E,1350.15,957.93,0.0
gfx950,256,896,7168,3072,cktile,27,0,35.7693,a8w8_blockscale_cktile_192x256x128_4x2x1_16x16x128_intrawave_0x1x0_2,1103.18,1051.67,0.0
gfx950,256,896,7168,16384,ck,0,0,156.9013,a8w8_blockscale_bpreshuffle_1x128x128_256x128x128x128_16x16_16x16_8x32x1_8x32x1_1x32x1x8_8_2x1_intrawave_v3,1341.31,923.93,0.0
gfx950,256,928,7168,3072,cktile,28,0,35.7117,a8w8_blockscale_cktile_192x256x128_4x2x1_16x16x128_intrawave_0x1x0_3,1144.42,1068.97,0.0
gfx950,256,928,7168,16384,cktile,27,0,163.6048,a8w8_blockscale_cktile_192x256x128_4x2x1_16x16x128_intrawave_0x1x0_2,1332.29,892.08,0.0
gfx950,256,960,7168,3072,cktile,11,0,35.8873,a8w8_blockscale_cktile_192x256x128_4x2x1_16x16x128_intrawave_0x1x0_1,1178.09,1079.26,0.0
gfx950,256,960,7168,16384,cktile,28,0,163.9328,a8w8_blockscale_cktile_192x256x128_4x2x1_16x16x128_intrawave_0x1x0_3,1375.48,896.29,0.0
gfx950,256,992,7168,3072,cktile,29,0,36.1487,a8w8_blockscale_cktile_192x256x128_4x2x1_16x16x128_intrawave_0x1x0_4,1208.56,1086.87,0.0
gfx950,256,992,7168,16384,cktile,11,0,164.726,a8w8_blockscale_cktile_192x256x128_4x2x1_16x16x128_intrawave_0x1x0_1,1414.48,897.94,0.0
gfx950,256,1024,7168,3072,cktile,11,0,36.4184,a8w8_blockscale_cktile_192x256x128_4x2x1_16x16x128_intrawave_0x1x0_1,1238.31,1094.11,0.0
gfx950,256,1024,7168,16384,ck,0,0,152.6653,a8w8_blockscale_bpreshuffle_1x128x128_256x128x128x128_16x16_16x16_8x32x1_8x32x1_1x32x1x8_8_2x1_intrawave_v3,1575.46,975.32,0.0
gfx950,256,1088,7168,3072,cktile,28,0,36.3789,a8w8_blockscale_cktile_192x256x128_4x2x1_16x16x128_intrawave_0x1x0_3,1317.13,1125.93,0.0
gfx950,256,1088,7168,16384,cktile,29,0,164.6061,a8w8_blockscale_cktile_192x256x128_4x2x1_16x16x128_intrawave_0x1x0_4,1552.5,916.51,0.0
gfx950,256,1152,7168,3072,cktile,28,0,36.7346,a8w8_blockscale_cktile_192x256x128_4x2x1_16x16x128_intrawave_0x1x0_3,1381.1,1145.35,0.0
gfx950,256,1152,7168,16384,ck,0,0,160.0924,a8w8_blockscale_bpreshuffle_1x128x128_256x128x128x128_16x16_16x16_8x32x1_8x32x1_1x32x1x8_8_2x1_intrawave_v3,1690.17,954.64,0.0
gfx950,256,1216,7168,3072,cktile,11,0,37.064,a8w8_blockscale_cktile_192x256x128_4x2x1_16x16x128_intrawave_0x1x0_1,1444.88,1165.23,0.0
gfx950,256,1216,7168,16384,cktile,11,0,166.4614,a8w8_blockscale_cktile_192x256x128_4x2x1_16x16x128_intrawave_0x1x0_1,1715.81,929.92,0.0
gfx950,256,1280,7168,3072,cktile,29,0,36.9653,a8w8_blockscale_cktile_192x256x128_4x2x1_16x16x128_intrawave_0x1x0_4,1524.98,1198.48,0.0
gfx950,256,1280,7168,16384,cktile,29,0,166.3253,a8w8_blockscale_cktile_192x256x128_4x2x1_16x16x128_intrawave_0x1x0_4,1807.59,942.5,0.0
gfx950,256,1344,7168,3072,cktile,28,0,37.5189,a8w8_blockscale_cktile_192x256x128_4x2x1_16x16x128_intrawave_0x1x0_3,1577.61,1210.5,0.0
gfx950,256,1344,7168,16384,cktile,27,0,166.5123,a8w8_blockscale_cktile_192x256x128_4x2x1_16x16x128_intrawave_0x1x0_2,1895.84,953.25,0.0
gfx950,256,1408,7168,3072,cktile,29,0,37.8447,a8w8_blockscale_cktile_192x256x128_4x2x1_16x16x128_intrawave_0x1x0_4,1638.5,1229.51,0.0
gfx950,256,1408,7168,16384,cktile,29,0,169.4912,a8w8_blockscale_cktile_192x256x128_4x2x1_16x16x128_intrawave_0x1x0_4,1951.21,948.1,0.0
gfx950,256,1472,7168,3072,cktile,11,0,38.2575,a8w8_blockscale_cktile_192x256x128_4x2x1_16x16x128_intrawave_0x1x0_1,1694.5,1245.37,0.0
gfx950,256,1472,7168,16384,cktile,28,0,171.1725,a8w8_blockscale_cktile_192x256x128_4x2x1_16x16x128_intrawave_0x1x0_3,2019.86,950.27,0.0
gfx950,256,1536,7168,3072,cktile,28,0,38.4295,a8w8_blockscale_cktile_192x256x128_4x2x1_16x16x128_intrawave_0x1x0_3,1760.26,1268.79,0.0
gfx950,256,1536,7168,16384,cktile,11,0,169.5848,a8w8_blockscale_cktile_192x256x128_4x2x1_16x16x128_intrawave_0x1x0_1,2127.42,970.76,0.0
gfx950,256,1600,7168,3072,cktile,28,0,39.0887,a8w8_blockscale_cktile_192x256x128_4x2x1_16x16x128_intrawave_0x1x0_3,1802.68,1275.89,0.0
gfx950,256,1600,7168,16384,cktile,29,0,173.6982,a8w8_blockscale_cktile_192x256x128_4x2x1_16x16x128_intrawave_0x1x0_4,2163.58,959.09,0.0
gfx950,256,1664,7168,3072,cktile,11,0,39.6722,a8w8_blockscale_cktile_192x256x128_4x2x1_16x16x128_intrawave_0x1x0_1,1847.21,1285.21,0.0
gfx950,256,1664,7168,16384,cktile,27,0,172.9326,a8w8_blockscale_cktile_192x256x128_4x2x1_16x16x128_intrawave_0x1x0_2,2260.08,974.71,0.0
gfx950,256,1728,7168,3072,cktile,27,0,39.4658,a8w8_blockscale_cktile_192x256x128_4x2x1_16x16x128_intrawave_0x1x0_2,1928.29,1320.16,0.0
gfx950,256,1728,7168,16384,cktile,11,0,172.535,a8w8_blockscale_cktile_192x256x128_4x2x1_16x16x128_intrawave_0x1x0_1,2352.42,988.35,0.0
gfx950,256,1792,7168,3072,cktile,11,0,60.0211,a8w8_blockscale_cktile_192x256x128_4x2x1_16x16x128_intrawave_0x1x0_1,1314.87,886.61,0.0
gfx950,256,1792,7168,16384,cktile,11,0,268.8273,a8w8_blockscale_cktile_192x256x128_4x2x1_16x16x128_intrawave_0x1x0_1,1565.71,641.64,0.0
gfx950,256,1856,7168,3072,cktile,28,0,60.2485,a8w8_blockscale_cktile_192x256x128_4x2x1_16x16x128_intrawave_0x1x0_3,1356.69,901.75,0.0
gfx950,256,1856,7168,16384,cktile,29,0,268.3673,a8w8_blockscale_cktile_192x256x128_4x2x1_16x16x128_intrawave_0x1x0_4,1624.41,650.07,0.0
gfx950,256,1920,7168,3072,cktile,27,0,60.6576,a8w8_blockscale_cktile_192x256x128_4x2x1_16x16x128_intrawave_0x1x0_2,1394.01,914.04,0.0
gfx950,256,1920,7168,16384,cktile,27,0,269.9797,a8w8_blockscale_cktile_192x256x128_4x2x1_16x16x128_intrawave_0x1x0_2,1670.39,653.47,0.0
gfx950,256,1984,7168,3072,cktile,29,0,67.8961,a8w8_blockscale_cktile_192x256x128_4x2x1_16x16x128_intrawave_0x1x0_4,1286.9,833.0,0.0
gfx950,256,1984,7168,16384,cktile,29,0,295.7495,a8w8_blockscale_cktile_192x256x128_4x2x1_16x16x128_intrawave_0x1x0_4,1575.67,603.18,0.0
gfx950,256,2048,7168,3072,cktile,11,0,69.43,a8w8_blockscale_cktile_192x256x128_4x2x1_16x16x128_intrawave_0x1x0_1,1299.07,830.64,0.0
gfx950,256,2048,7168,16384,ck,0,0,274.4599,a8w8_blockscale_bpreshuffle_1x128x128_256x128x128x128_16x16_16x16_8x32x1_8x32x1_1x32x1x8_8_2x1_intrawave_v3,1752.67,657.13,0.0
gfx950,256,4096,7168,3072,cktile,29,0,107.296,a8w8_blockscale_cktile_192x256x128_4x2x1_16x16x128_intrawave_0x1x0_4,1681.22,869.77,0.0
gfx950,256,4096,7168,16384,cktile,11,0,489.1698,a8w8_blockscale_cktile_192x256x128_4x2x1_16x16x128_intrawave_0x1x0_1,1966.75,497.31,0.0
gfx950,256,6144,7168,3072,cktile,28,0,143.7248,a8w8_blockscale_cktile_192x256x128_4x2x1_16x16x128_intrawave_0x1x0_3,1882.65,897.37,0.0
gfx950,256,6144,7168,16384,cktile,11,0,657.8381,a8w8_blockscale_cktile_192x256x128_4x2x1_16x16x128_intrawave_0x1x0_1,2193.71,465.44,0.0
gfx950,256,8192,7168,3072,cktile,29,0,181.9935,a8w8_blockscale_cktile_192x256x128_4x2x1_16x16x128_intrawave_0x1x0_4,1982.36,904.57,0.0
gfx950,256,8192,7168,16384,cktile,29,0,825.9983,a8w8_blockscale_cktile_192x256x128_4x2x1_16x16x128_intrawave_0x1x0_4,2329.48,446.85,0.0
gfx950,256,10240,7168,3072,cktile,27,0,219.0301,a8w8_blockscale_cktile_192x256x128_4x2x1_16x16x128_intrawave_0x1x0_2,2058.95,914.39,0.0
gfx950,256,10240,7168,16384,cktile,27,0,999.9325,a8w8_blockscale_cktile_192x256x128_4x2x1_16x16x128_intrawave_0x1x0_2,2405.34,432.04,0.0
gfx950,256,12288,7168,3072,cktile,29,0,253.9541,a8w8_blockscale_cktile_192x256x128_4x2x1_16x16x128_intrawave_0x1x0_4,2130.96,929.02,0.0
gfx950,256,12288,7168,16384,cktile,29,0,1179.5606,a8w8_blockscale_cktile_192x256x128_4x2x1_16x16x128_intrawave_0x1x0_4,2446.86,419.59,0.0
gfx950,256,14336,7168,3072,cktile,28,0,293.9594,a8w8_blockscale_cktile_192x256x128_4x2x1_16x16x128_intrawave_0x1x0_3,2147.78,923.87,0.0
gfx950,256,14336,7168,16384,cktile,29,0,1359.1533,a8w8_blockscale_cktile_192x256x128_4x2x1_16x16x128_intrawave_0x1x0_4,2477.46,410.43,0.0
gfx950,256,16384,7168,3072,cktile,27,0,327.8576,a8w8_blockscale_cktile_192x256x128_4x2x1_16x16x128_intrawave_0x1x0_2,2200.82,937.09,0.0
gfx950,256,16384,7168,16384,cktile,11,0,1538.6772,a8w8_blockscale_cktile_192x256x128_4x2x1_16x16x128_intrawave_0x1x0_1,2501.04,403.44,0.0
gfx950,256,32768,7168,3072,cktile,28,0,652.9861,a8w8_blockscale_cktile_192x256x128_4x2x1_16x16x128_intrawave_0x1x0_3,2210.01,907.29,0.0
gfx950,256,32768,7168,16384,cktile,28,0,3201.3569,a8w8_blockscale_cktile_192x256x128_4x2x1_16x16x128_intrawave_0x1x0_3,2404.16,351.12,0.0
gfx950,256,1,8192,1536,asm,13,4,6.3485,_ZN5aiter42fp8gemm_bf16_blockscale_BpreShuffle_64x128E,3.96,1984.85,0.0
gfx950,256,2,8192,1536,ck,7,0,6.0993,a8w8_blockscale_bpreshuffle_1x128x128_256x16x64x256_16x16_16x16_16x16x1_16x16x1_1x16x1x16_4_1x1_intrawave_v1,8.25,2068.89,0.0
gfx950,256,4,8192,1536,ck,7,0,5.9821,a8w8_blockscale_bpreshuffle_1x128x128_256x16x64x256_16x16_16x16_16x16x1_16x16x1_1x16x1x16_4_1x1_intrawave_v1,16.83,2115.41,0.0
gfx950,256,8,8192,1536,ck,7,0,6.2732,a8w8_blockscale_bpreshuffle_1x128x128_256x16x64x256_16x16_16x16_16x16x1_16x16x1_1x16x1x16_4_1x1_intrawave_v1,32.09,2028.67,0.0
gfx950,256,16,8192,1536,ck,7,0,6.5958,a8w8_blockscale_bpreshuffle_1x128x128_256x16x64x256_16x16_16x16_16x16x1_16x16x1_1x16x1x16_4_1x1_intrawave_v1,61.05,1951.19,0.0
gfx950,256,24,8192,1536,ck,7,0,6.2112,a8w8_blockscale_bpreshuffle_1x128x128_256x16x64x256_16x16_16x16_16x16x1_16x16x1_1x16x1x16_4_1x1_intrawave_v1,97.24,2095.09,0.0
gfx950,256,32,8192,1536,ck,7,0,6.1132,a8w8_blockscale_bpreshuffle_1x128x128_256x16x64x256_16x16_16x16_16x16x1_16x16x1_1x16x1x16_4_1x1_intrawave_v1,131.73,2152.12,0.0
gfx950,256,48,8192,1536,ck,6,0,6.9927,a8w8_blockscale_bpreshuffle_1x128x128_256x16x128x256_16x16_16x16_16x16x1_16x16x1_1x16x1x16_8_1x2_intrawave_v1,172.75,1922.44,0.0
gfx950,256,64,8192,1536,ck,12,0,6.7039,a8w8_blockscale_bpreshuffle_1x128x128_256x32x64x256_16x16_16x16_16x16x1_16x16x1_1x32x1x8_8_2x1_intrawave_v1,240.25,2048.03,0.0
gfx950,256,80,8192,1536,asm,0,1,8.7137,_ZN5aiter42fp8gemm_bf16_blockscale_BpreShuffle_32x128E,231.05,1608.56,0.0
gfx950,256,96,8192,1536,ck,11,0,9.3067,a8w8_blockscale_bpreshuffle_1x128x128_256x32x128x256_16x16_16x16_16x16x1_16x16x1_1x32x1x8_8_2x1_intrawave_v1,259.59,1536.87,0.0
gfx950,256,112,8192,1536,asm,0,1,8.7472,_ZN5aiter42fp8gemm_bf16_blockscale_BpreShuffle_32x128E,322.23,1667.96,0.0
gfx950,256,128,8192,1536,ck,11,0,8.7971,a8w8_blockscale_bpreshuffle_1x128x128_256x32x128x256_16x16_16x16_16x16x1_16x16x1_1x32x1x8_8_2x1_intrawave_v1,366.17,1691.09,0.0
gfx950,256,144,8192,1536,asm,10,1,9.7533,_ZN5aiter42fp8gemm_bf16_blockscale_BpreShuffle_64x128E,371.55,1554.69,0.0
gfx950,256,160,8192,1536,asm,5,1,9.8613,_ZN5aiter42fp8gemm_bf16_blockscale_BpreShuffle_48x128E,408.32,1566.74,0.0
gfx950,256,176,8192,1536,asm,5,1,9.568,_ZN5aiter42fp8gemm_bf16_blockscale_BpreShuffle_48x128E,462.92,1644.74,0.0
gfx950,256,192,8192,1536,asm,5,1,10.227,_ZN5aiter42fp8gemm_bf16_blockscale_BpreShuffle_48x128E,472.46,1566.79,0.0
gfx950,256,208,8192,1536,asm,10,1,10.1578,_ZN5aiter42fp8gemm_bf16_blockscale_BpreShuffle_64x128E,515.32,1605.69,0.0
gfx950,256,224,8192,1536,asm,10,1,10.3676,_ZN5aiter42fp8gemm_bf16_blockscale_BpreShuffle_64x128E,543.73,1600.85,0.0
gfx950,256,240,8192,1536,asm,10,1,10.4921,_ZN5aiter42fp8gemm_bf16_blockscale_BpreShuffle_64x128E,575.65,1609.18,0.0
gfx950,256,256,8192,1536,asm,10,1,10.2977,_ZN5aiter42fp8gemm_bf16_blockscale_BpreShuffle_64x128E,625.62,1667.4,0.0
gfx950,256,288,8192,1536,asm,15,1,10.6301,_ZN5aiter42fp8gemm_bf16_blockscale_BpreShuffle_80x128E,681.81,1669.21,0.0
gfx950,256,320,8192,1536,asm,20,1,13.3401,_ZN5aiter42fp8gemm_bf16_blockscale_BpreShuffle_96x128E,603.67,1373.1,0.0
gfx950,256,352,8192,1536,asm,20,1,13.6891,_ZN5aiter42fp8gemm_bf16_blockscale_BpreShuffle_96x128E,647.11,1379.98,0.0
gfx950,256,384,8192,1536,asm,20,1,13.961,_ZN5aiter42fp8gemm_bf16_blockscale_BpreShuffle_96x128E,692.19,1394.18,0.0
gfx950,256,416,8192,1536,asm,25,1,14.8825,_ZN5aiter43fp8gemm_bf16_blockscale_BpreShuffle_128x128E,703.44,1346.39,0.0
gfx950,256,448,8192,1536,asm,25,1,15.0114,_ZN5aiter43fp8gemm_bf16_blockscale_BpreShuffle_128x128E,751.05,1373.03,0.0
gfx950,256,480,8192,1536,asm,25,1,15.1838,_ZN5aiter43fp8gemm_bf16_blockscale_BpreShuffle_128x128E,795.56,1395.2,0.0
gfx950,256,512,8192,1536,asm,25,1,15.3577,_ZN5aiter43fp8gemm_bf16_blockscale_BpreShuffle_128x128E,838.99,1416.75,0.0
gfx950,256,544,8192,1536,ck,1,0,19.9028,a8w8_blockscale_bpreshuffle_1x128x128_256x64x128x128_16x16_16x16_8x32x1_8x32x1_1x32x1x8_8_2x1_intrawave_v3,687.85,1122.02,0.0
gfx950,256,576,8192,1536,ck,14,0,19.5178,a8w8_blockscale_bpreshuffle_1x128x128_256x64x128x128_16x16_16x16_8x32x1_8x32x1_1x32x1x8_8_2x1_intrawave_v1,742.68,1173.54,0.0
gfx950,256,608,8192,1536,ck,14,0,20.3559,a8w8_blockscale_bpreshuffle_1x128x128_256x64x128x128_16x16_16x16_8x32x1_8x32x1_1x32x1x8_8_2x1_intrawave_v1,751.67,1153.39,0.0
gfx950,256,640,8192,1536,ck,14,0,19.4805,a8w8_blockscale_bpreshuffle_1x128x128_256x64x128x128_16x16_16x16_8x32x1_8x32x1_1x32x1x8_8_2x1_intrawave_v1,826.78,1234.66,0.0
gfx950,256,672,8192,1536,cktile,27,0,20.4302,a8w8_blockscale_cktile_192x256x128_4x2x1_16x16x128_intrawave_0x1x0_2,827.77,1205.33,0.0
gfx950,256,704,8192,1536,ck,14,0,20.2911,a8w8_blockscale_bpreshuffle_1x128x128_256x64x128x128_16x16_16x16_8x32x1_8x32x1_1x32x1x8_8_2x1_intrawave_v1,873.13,1241.85,0.0
gfx950,256,736,8192,1536,cktile,28,0,20.5377,a8w8_blockscale_cktile_192x256x128_4x2x1_16x16x128_intrawave_0x1x0_3,901.86,1254.86,0.0
gfx950,256,768,8192,1536,cktile,11,0,20.5556,a8w8_blockscale_cktile_192x256x128_4x2x1_16x16x128_intrawave_0x1x0_1,940.25,1281.67,0.0
gfx950,256,800,8192,1536,cktile,29,0,20.8556,a8w8_blockscale_cktile_192x256x128_4x2x1_16x16x128_intrawave_0x1x0_4,965.34,1290.73,0.0
gfx950,256,832,8192,1536,cktile,11,0,20.7511,a8w8_blockscale_cktile_192x256x128_4x2x1_16x16x128_intrawave_0x1x0_1,1009.01,1324.86,0.0
gfx950,256,864,8192,1536,cktile,11,0,20.8197,a8w8_blockscale_cktile_192x256x128_4x2x1_16x16x128_intrawave_0x1x0_1,1044.36,1348.04,0.0
gfx950,256,896,8192,1536,cktile,27,0,20.8584,a8w8_blockscale_cktile_192x256x128_4x2x1_16x16x128_intrawave_0x1x0_2,1081.03,1373.03,0.0
gfx950,256,928,8192,1536,cktile,28,0,20.9577,a8w8_blockscale_cktile_192x256x128_4x2x1_16x16x128_intrawave_0x1x0_3,1114.33,1393.89,0.0
gfx950,256,960,8192,1536,cktile,27,0,21.0265,a8w8_blockscale_cktile_192x256x128_4x2x1_16x16x128_intrawave_0x1x0_2,1148.99,1416.6,0.0
gfx950,256,992,8192,1536,cktile,11,0,21.1504,a8w8_blockscale_cktile_192x256x128_4x2x1_16x16x128_intrawave_0x1x0_1,1180.33,1435.41,0.0
gfx950,256,1024,8192,1536,cktile,29,0,21.1442,a8w8_blockscale_cktile_192x256x128_4x2x1_16x16x128_intrawave_0x1x0_4,1218.76,1462.95,0.0
gfx950,256,1088,8192,1536,cktile,27,0,21.3135,a8w8_blockscale_cktile_192x256x128_4x2x1_16x16x128_intrawave_0x1x0_2,1284.65,1505.14,0.0
gfx950,256,1152,8192,1536,cktile,27,0,21.6487,a8w8_blockscale_cktile_192x256x128_4x2x1_16x16x128_intrawave_0x1x0_2,1339.16,1534.82,0.0
gfx950,256,1216,8192,1536,cktile,28,0,21.7409,a8w8_blockscale_cktile_192x256x128_4x2x1_16x16x128_intrawave_0x1x0_3,1407.56,1581.06,0.0
gfx950,256,1280,8192,1536,cktile,27,0,22.1215,a8w8_blockscale_cktile_192x256x128_4x2x1_16x16x128_intrawave_0x1x0_2,1456.15,1605.7,0.0
gfx950,256,1344,8192,1536,cktile,27,0,22.6214,a8w8_blockscale_cktile_192x256x128_4x2x1_16x16x128_intrawave_0x1x0_2,1495.17,1620.92,0.0
gfx950,256,1408,8192,1536,cktile,11,0,22.3748,a8w8_blockscale_cktile_192x256x128_4x2x1_16x16x128_intrawave_0x1x0_1,1583.63,1690.04,0.0
gfx950,256,1472,8192,1536,cktile,29,0,22.5751,a8w8_blockscale_cktile_192x256x128_4x2x1_16x16x128_intrawave_0x1x0_4,1640.93,1725.85,0.0
gfx950,256,1536,8192,1536,cktile,11,0,22.964,a8w8_blockscale_cktile_192x256x128_4x2x1_16x16x128_intrawave_0x1x0_1,1683.27,1746.56,0.0
gfx950,256,1600,8192,1536,cktile,11,0,38.8355,a8w8_blockscale_cktile_192x256x128_4x2x1_16x16x128_intrawave_0x1x0_1,1036.82,1062.3,0.0
gfx950,256,1664,8192,1536,ck,1,0,39.4561,a8w8_blockscale_bpreshuffle_1x128x128_256x64x128x128_16x16_16x16_8x32x1_8x32x1_1x32x1x8_8_2x1_intrawave_v3,1061.33,1074.66,0.0
gfx950,256,1728,8192,1536,ck,14,0,39.2345,a8w8_blockscale_bpreshuffle_1x128x128_256x64x128x128_16x16_16x16_8x32x1_8x32x1_1x32x1x8_8_2x1_intrawave_v1,1108.38,1109.96,0.0
gfx950,256,1792,8192,1536,cktile,11,0,40.1659,a8w8_blockscale_cktile_192x256x128_4x2x1_16x16x128_intrawave_0x1x0_1,1122.77,1112.77,0.0
gfx950,256,1856,8192,1536,cktile,29,0,40.4798,a8w8_blockscale_cktile_192x256x128_4x2x1_16x16x128_intrawave_0x1x0_4,1153.85,1132.48,0.0
gfx950,256,1920,8192,1536,cktile,28,0,40.7846,a8w8_blockscale_cktile_192x256x128_4x2x1_16x16x128_intrawave_0x1x0_3,1184.72,1152.13,0.0
gfx950,256,1984,8192,1536,cktile,29,0,40.7658,a8w8_blockscale_cktile_192x256x128_4x2x1_16x16x128_intrawave_0x1x0_4,1224.78,1180.8,0.0
gfx950,256,2048,8192,1536,cktile,11,0,40.7913,a8w8_blockscale_cktile_192x256x128_4x2x1_16x16x128_intrawave_0x1x0_1,1263.5,1208.18,0.0
gfx950,256,4096,8192,1536,cktile,29,0,63.341,a8w8_blockscale_cktile_192x256x128_4x2x1_16x16x128_intrawave_0x1x0_4,1627.37,1357.47,0.0
gfx950,256,6144,8192,1536,cktile,29,0,84.9059,a8w8_blockscale_cktile_192x256x128_4x2x1_16x16x128_intrawave_0x1x0_4,1821.06,1444.93,0.0
gfx950,256,8192,8192,1536,cktile,29,0,121.1555,a8w8_blockscale_cktile_192x256x128_4x2x1_16x16x128_intrawave_0x1x0_4,1701.6,1315.53,0.0
gfx950,256,10240,8192,1536,cktile,11,0,141.5781,a8w8_blockscale_cktile_192x256x128_4x2x1_16x16x128_intrawave_0x1x0_1,1820.18,1384.99,0.0
gfx950,256,12288,8192,1536,cktile,28,0,163.4462,a8w8_blockscale_cktile_192x256x128_4x2x1_16x16x128_intrawave_0x1x0_3,1891.98,1424.22,0.0
gfx950,256,14336,8192,1536,cktile,27,0,201.3598,a8w8_blockscale_cktile_192x256x128_4x2x1_16x16x128_intrawave_0x1x0_2,1791.7,1338.32,0.0
gfx950,256,16384,8192,1536,cktile,29,0,221.5318,a8w8_blockscale_cktile_192x256x128_4x2x1_16x16x128_intrawave_0x1x0_4,1861.21,1382.12,0.0
gfx950,256,32768,8192,1536,cktile,28,0,438.329,a8w8_blockscale_cktile_192x256x128_4x2x1_16x16x128_intrawave_0x1x0_3,1881.31,1368.35,0.0
gfx950,256,1,65536,1536,ck,6,0,18.2443,a8w8_blockscale_bpreshuffle_1x128x128_256x16x128x256_16x16_16x16_16x16x1_16x16x1_1x16x1x16_8_1x2_intrawave_v1,11.04,5524.79,0.0
gfx950,256,2,65536,1536,ck,6,0,17.8227,a8w8_blockscale_bpreshuffle_1x128x128_256x16x128x256_16x16_16x16_16x16x1_16x16x1_1x16x1x16_8_1x2_intrawave_v1,22.59,5662.92,0.0
gfx950,256,4,65536,1536,ck,6,0,17.8379,a8w8_blockscale_bpreshuffle_1x128x128_256x16x128x256_16x16_16x16_16x16x1_16x16x1_1x16x1x16_8_1x2_intrawave_v1,45.15,5672.96,0.0
gfx950,256,8,65536,1536,ck,6,0,18.0701,a8w8_blockscale_bpreshuffle_1x128x128_256x16x128x256_16x16_16x16_16x16x1_16x16x1_1x16x1x16_8_1x2_intrawave_v1,89.13,5629.42,0.0
gfx950,256,16,65536,1536,ck,6,0,18.7918,a8w8_blockscale_bpreshuffle_1x128x128_256x16x128x256_16x16_16x16_16x16x1_16x16x1_1x16x1x16_8_1x2_intrawave_v1,171.42,5469.67,0.0
gfx950,256,24,65536,1536,ck,9,0,20.0068,a8w8_blockscale_bpreshuffle_1x128x128_256x32x128x128_16x16_16x16_8x32x1_8x32x1_1x32x1x8_8_2x1_intrawave_v1,241.51,5190.53,0.0
gfx950,256,32,65536,1536,ck,12,0,19.7757,a8w8_blockscale_bpreshuffle_1x128x128_256x32x64x256_16x16_16x16_16x16x1_16x16x1_1x32x1x8_8_2x1_intrawave_v1,325.78,5304.83,0.0
gfx950,256,48,65536,1536,ck,1,0,23.0876,a8w8_blockscale_bpreshuffle_1x128x128_256x64x128x128_16x16_16x16_8x32x1_8x32x1_1x32x1x8_8_2x1_intrawave_v3,418.57,4635.76,0.0
gfx950,256,64,65536,1536,ck,14,0,23.208,a8w8_blockscale_bpreshuffle_1x128x128_256x64x128x128_16x16_16x16_8x32x1_8x32x1_1x32x1x8_8_2x1_intrawave_v1,555.19,4703.13,0.0
gfx950,256,80,65536,1536,cktile,27,0,25.4001,a8w8_blockscale_cktile_192x256x128_4x2x1_16x16x128_intrawave_0x1x0_2,634.1,4380.77,0.0
gfx950,256,96,65536,1536,cktile,11,0,25.7423,a8w8_blockscale_cktile_192x256x128_4x2x1_16x16x128_intrawave_0x1x0_1,750.8,4404.95,0.0
gfx950,256,112,65536,1536,cktile,27,0,26.6106,a8w8_blockscale_cktile_192x256x128_4x2x1_16x16x128_intrawave_0x1x0_2,847.35,4340.95,0.0
gfx950,256,128,65536,1536,cktile,28,0,26.9362,a8w8_blockscale_cktile_192x256x128_4x2x1_16x16x128_intrawave_0x1x0_3,956.7,4367.25,0.0
gfx950,256,144,65536,1536,cktile,28,0,27.6461,a8w8_blockscale_cktile_192x256x128_4x2x1_16x16x128_intrawave_0x1x0_3,1048.65,4331.85,0.0
gfx950,256,160,65536,1536,cktile,29,0,27.8231,a8w8_blockscale_cktile_192x256x128_4x2x1_16x16x128_intrawave_0x1x0_4,1157.75,4380.55,0.0
gfx950,256,176,65536,1536,cktile,11,0,27.9172,a8w8_blockscale_cktile_192x256x128_4x2x1_16x16x128_intrawave_0x1x0_1,1269.23,4441.79,0.0
gfx950,256,192,65536,1536,cktile,27,0,28.6658,a8w8_blockscale_cktile_192x256x128_4x2x1_16x16x128_intrawave_0x1x0_2,1348.46,4399.81,0.0
gfx950,256,208,65536,1536,cktile,28,0,46.1348,a8w8_blockscale_cktile_192x256x128_4x2x1_16x16x128_intrawave_0x1x0_3,907.69,2779.81,0.0
gfx950,256,224,65536,1536,cktile,27,0,46.5035,a8w8_blockscale_cktile_192x256x128_4x2x1_16x16x128_intrawave_0x1x0_2,969.76,2803.39,0.0
gfx950,256,240,65536,1536,cktile,28,0,46.9881,a8w8_blockscale_cktile_192x256x128_4x2x1_16x16x128_intrawave_0x1x0_3,1028.31,2819.63,0.0
gfx950,256,256,65536,1536,cktile,27,0,46.7715,a8w8_blockscale_cktile_192x256x128_4x2x1_16x16x128_intrawave_0x1x0_2,1101.94,2878.05,0.0
gfx950,256,288,65536,1536,cktile,11,0,47.7934,a8w8_blockscale_cktile_192x256x128_4x2x1_16x16x128_intrawave_0x1x0_1,1213.18,2905.3,0.0
gfx950,256,320,65536,1536,cktile,29,0,48.8423,a8w8_blockscale_cktile_192x256x128_4x2x1_16x16x128_intrawave_0x1x0_4,1319.03,2929.79,0.0
gfx950,256,352,65536,1536,cktile,27,0,49.7805,a8w8_blockscale_cktile_192x256x128_4x2x1_16x16x128_intrawave_0x1x0_2,1423.59,2959.82,0.0
gfx950,256,384,65536,1536,cktile,27,0,50.1724,a8w8_blockscale_cktile_192x256x128_4x2x1_16x16x128_intrawave_0x1x0_2,1540.88,3021.28,0.0
gfx950,256,416,65536,1536,cktile,29,0,68.7548,a8w8_blockscale_cktile_192x256x128_4x2x1_16x16x128_intrawave_0x1x0_4,1218.12,2266.43,0.0
gfx950,256,448,65536,1536,cktile,27,0,68.5285,a8w8_blockscale_cktile_192x256x128_4x2x1_16x16x128_intrawave_0x1x0_2,1316.16,2335.84,0.0
gfx950,256,480,65536,1536,cktile,28,0,70.3973,a8w8_blockscale_cktile_192x256x128_4x2x1_16x16x128_intrawave_0x1x0_3,1372.73,2334.11,0.0
gfx950,256,512,65536,1536,cktile,28,0,70.8991,a8w8_blockscale_cktile_192x256x128_4x2x1_16x16x128_intrawave_0x1x0_3,1453.89,2377.44,0.0
gfx950,256,544,65536,1536,cktile,29,0,71.5956,a8w8_blockscale_cktile_192x256x128_4x2x1_16x16x128_intrawave_0x1x0_4,1529.73,2413.58,0.0
gfx950,256,576,65536,1536,cktile,11,0,71.9015,a8w8_blockscale_cktile_192x256x128_4x2x1_16x16x128_intrawave_0x1x0_1,1612.82,2462.33,0.0
gfx950,256,608,65536,1536,cktile,29,0,89.3849,a8w8_blockscale_cktile_192x256x128_4x2x1_16x16x128_intrawave_0x1x0_4,1369.43,2028.18,0.0
gfx950,256,640,65536,1536,cktile,28,0,90.9354,a8w8_blockscale_cktile_192x256x128_4x2x1_16x16x128_intrawave_0x1x0_3,1416.93,2040.27,0.0
gfx950,256,672,65536,1536,cktile,28,0,90.7914,a8w8_blockscale_cktile_192x256x128_4x2x1_16x16x128_intrawave_0x1x0_3,1490.14,2090.24,0.0
gfx950,256,704,65536,1536,cktile,28,0,92.1958,a8w8_blockscale_cktile_192x256x128_4x2x1_16x16x128_intrawave_0x1x0_3,1537.31,2104.43,0.0
gfx950,256,736,65536,1536,cktile,29,0,93.6391,a8w8_blockscale_cktile_192x256x128_4x2x1_16x16x128_intrawave_0x1x0_4,1582.42,2117.31,0.0
gfx950,256,768,65536,1536,cktile,27,0,94.1902,a8w8_blockscale_cktile_192x256x128_4x2x1_16x16x128_intrawave_0x1x0_2,1641.56,2149.97,0.0
gfx950,256,800,65536,1536,cktile,29,0,111.6817,a8w8_blockscale_cktile_192x256x128_4x2x1_16x16x128_intrawave_0x1x0_4,1442.15,1851.24,0.0
gfx950,256,832,65536,1536,cktile,28,0,112.3049,a8w8_blockscale_cktile_192x256x128_4x2x1_16x16x128_intrawave_0x1x0_3,1491.51,1878.75,0.0
gfx950,256,864,65536,1536,cktile,29,0,112.8239,a8w8_blockscale_cktile_192x256x128_4x2x1_16x16x128_intrawave_0x1x0_4,1541.75,1907.72,0.0
gfx950,256,896,65536,1536,cktile,11,0,114.6603,a8w8_blockscale_cktile_192x256x128_4x2x1_16x16x128_intrawave_0x1x0_1,1573.24,1914.18,0.0
gfx950,256,928,65536,1536,cktile,28,0,114.6033,a8w8_blockscale_cktile_192x256x128_4x2x1_16x16x128_intrawave_0x1x0_3,1630.24,1952.16,0.0
gfx950,256,960,65536,1536,cktile,28,0,115.9411,a8w8_blockscale_cktile_192x256x128_4x2x1_16x16x128_intrawave_0x1x0_3,1667.0,1966.23,0.0
gfx950,256,992,65536,1536,cktile,27,0,133.7599,a8w8_blockscale_cktile_192x256x128_4x2x1_16x16x128_intrawave_0x1x0_2,1493.09,1736.02,0.0
gfx950,256,1024,65536,1536,cktile,28,0,133.9906,a8w8_blockscale_cktile_192x256x128_4x2x1_16x16x128_intrawave_0x1x0_3,1538.6,1764.71,0.0
gfx950,256,1088,65536,1536,cktile,28,0,136.545,a8w8_blockscale_cktile_192x256x128_4x2x1_16x16x128_intrawave_0x1x0_3,1604.18,1793.85,0.0
gfx950,256,1152,65536,1536,cktile,29,0,137.4927,a8w8_blockscale_cktile_192x256x128_4x2x1_16x16x128_intrawave_0x1x0_4,1686.84,1843.21,0.0
gfx950,256,1216,65536,1536,cktile,29,0,156.5474,a8w8_blockscale_cktile_192x256x128_4x2x1_16x16x128_intrawave_0x1x0_4,1563.83,1673.07,0.0
gfx950,256,1280,65536,1536,cktile,28,0,157.6901,a8w8_blockscale_cktile_192x256x128_4x2x1_16x16x128_intrawave_0x1x0_3,1634.21,1714.77,0.0
gfx950,256,1344,65536,1536,cktile,27,0,159.3016,a8w8_blockscale_cktile_192x256x128_4x2x1_16x16x128_intrawave_0x1x0_2,1698.56,1750.69,0.0
gfx950,256,1408,65536,1536,cktile,11,0,177.524,a8w8_blockscale_cktile_192x256x128_4x2x1_16x16x128_intrawave_0x1x0_1,1596.79,1618.8,0.0
gfx950,256,1472,65536,1536,cktile,11,0,178.5118,a8w8_blockscale_cktile_192x256x128_4x2x1_16x16x128_intrawave_0x1x0_1,1660.13,1657.38,0.0
gfx950,256,1536,65536,1536,cktile,29,0,180.884,a8w8_blockscale_cktile_192x256x128_4x2x1_16x16x128_intrawave_0x1x0_4,1709.59,1682.57,0.0
gfx950,256,1600,65536,1536,cktile,28,0,198.7706,a8w8_blockscale_cktile_192x256x128_4x2x1_16x16x128_intrawave_0x1x0_3,1620.57,1573.85,0.0
gfx950,256,1664,65536,1536,cktile,29,0,200.3468,a8w8_blockscale_cktile_192x256x128_4x2x1_16x16x128_intrawave_0x1x0_4,1672.14,1603.83,0.0
gfx950,256,1728,65536,1536,cktile,29,0,202.351,a8w8_blockscale_cktile_192x256x128_4x2x1_16x16x128_intrawave_0x1x0_4,1719.25,1629.89,0.0
gfx950,256,1792,65536,1536,cktile,27,0,221.1171,a8w8_blockscale_cktile_192x256x128_4x2x1_16x16x128_intrawave_0x1x0_2,1631.61,1529.94,0.0
gfx950,256,1856,65536,1536,cktile,29,0,221.8698,a8w8_blockscale_cktile_192x256x128_4x2x1_16x16x128_intrawave_0x1x0_4,1684.15,1563.01,0.0
gfx950,256,1920,65536,1536,cktile,28,0,224.0032,a8w8_blockscale_cktile_192x256x128_4x2x1_16x16x128_intrawave_0x1x0_3,1725.63,1586.01,0.0
gfx950,256,1984,65536,1536,cktile,29,0,242.9389,a8w8_blockscale_cktile_192x256x128_4x2x1_16x16x128_intrawave_0x1x0_4,1644.17,1497.32,0.0
gfx950,256,2048,65536,1536,cktile,27,0,244.2434,a8w8_blockscale_cktile_192x256x128_4x2x1_16x16x128_intrawave_0x1x0_2,1688.14,1524.07,0.0
gfx950,256,4096,65536,1536,cktile,27,0,477.6697,a8w8_blockscale_cktile_192x256x128_4x2x1_16x16x128_intrawave_0x1x0_2,1726.37,1347.85,0.0
gfx950,256,6144,65536,1536,cktile,11,0,694.5889,a8w8_blockscale_cktile_192x256x128_4x2x1_16x16x128_intrawave_0x1x0_1,1780.84,1317.91,0.0
gfx950,256,8192,65536,1536,cktile,27,0,931.3977,a8w8_blockscale_cktile_192x256x128_4x2x1_16x16x128_intrawave_0x1x0_2,1770.74,1274.42,0.0
gfx950,256,10240,65536,1536,cktile,11,0,1165.4212,a8w8_blockscale_cktile_192x256x128_4x2x1_16x16x128_intrawave_0x1x0_1,1768.96,1251.54,0.0
gfx950,256,12288,65536,1536,cktile,11,0,1384.4984,a8w8_blockscale_cktile_192x256x128_4x2x1_16x16x128_intrawave_0x1x0_1,1786.86,1249.66,0.0
gfx950,256,14336,65536,1536,cktile,11,0,1620.9671,a8w8_blockscale_cktile_192x256x128_4x2x1_16x16x128_intrawave_0x1x0_1,1780.55,1234.9,0.0
gfx950,256,16384,65536,1536,ck,13,0,2324.161,a8w8_blockscale_bpreshuffle_1x128x128_256x64x256x128_16x16_16x16_8x32x1_8x32x1_1x32x1x8_8_2x1_intrawave_v1,1419.24,978.12,0.0
gfx950,256,32768,65536,1536,asm,25,1,6505.6228,_ZN5aiter43fp8gemm_bf16_blockscale_BpreShuffle_128x128E,1014.06,683.4,0.0
gfx950,256,186,2048,7168,asm,19,4,15.7623,_ZN5aiter42fp8gemm_bf16_blockscale_BpreShuffle_64x128E,346.46,1064.26,0.0018
gfx950,256,180,8192,1536,asm,5,1,10.2505,_ZN5aiter42fp8gemm_bf16_blockscale_BpreShuffle_48x128E,441.91,1542.22,0.0
